Property,Time,Value
RootT.x,0.00000000,0.01375778
RootT.x,0.03333334,0.01398408
RootT.x,0.06666667,0.01503260
RootT.x,0.10000000,0.01450182
RootT.x,0.13333330,0.01563369
RootT.x,0.20000000,0.01526779
RootT.x,0.23333330,0.01545494
RootT.x,0.33333330,0.01382833
RootT.x,0.41666670,0.01471379
RootT.x,0.53333340,0.01375831
RootT.y,0.00000000,0.99187340
RootT.y,0.53333340,0.99187340
RootT.z,0.00000000,0.00844608
RootT.z,0.03333334,0.00658620
RootT.z,0.05000000,0.00623554
RootT.z,0.06666667,0.00635338
RootT.z,0.10000000,0.00823271
RootT.z,0.15000000,0.01035378
RootT.z,0.16666670,0.01058569
RootT.z,0.20000000,0.01108843
RootT.z,0.23333330,0.01017613
RootT.z,0.30000000,0.00691702
RootT.z,0.31666670,0.00535717
RootT.z,0.33333330,0.00408950
RootT.z,0.35000000,0.00394770
RootT.z,0.38333340,0.00522876
RootT.z,0.43333340,0.00894313
RootT.z,0.46666670,0.01108167
RootT.z,0.50000000,0.01038222
RootT.z,0.53333340,0.00844565
RootQ.x,0.00000000,-0.00121430
RootQ.x,0.03333334,-0.00213605
RootQ.x,0.05000000,-0.00277977
RootQ.x,0.06666667,-0.00327138
RootQ.x,0.10000000,-0.00298255
RootQ.x,0.13333330,-0.00332732
RootQ.x,0.15000000,-0.00328743
RootQ.x,0.16666670,-0.00309855
RootQ.x,0.18333330,-0.00260501
RootQ.x,0.20000000,-0.00227077
RootQ.x,0.21666670,-0.00270340
RootQ.x,0.23333330,-0.00334679
RootQ.x,0.25000000,-0.00378561
RootQ.x,0.26666670,-0.00418954
RootQ.x,0.30000000,-0.00497651
RootQ.x,0.35000000,-0.00734854
RootQ.x,0.36666670,-0.00809344
RootQ.x,0.40000000,-0.00903326
RootQ.x,0.41666670,-0.00851255
RootQ.x,0.43333340,-0.00736695
RootQ.x,0.45000000,-0.00531382
RootQ.x,0.46666670,-0.00327710
RootQ.x,0.48333330,-0.00226320
RootQ.x,0.50000000,-0.00168926
RootQ.x,0.51666670,-0.00137191
RootQ.x,0.53333340,-0.00121414
RootQ.y,0.00000000,-0.00214350
RootQ.y,0.01666667,0.00194953
RootQ.y,0.03333334,0.00479345
RootQ.y,0.05000000,0.00429606
RootQ.y,0.06666667,0.00163384
RootQ.y,0.08333334,-0.00316777
RootQ.y,0.10000000,-0.00873633
RootQ.y,0.13333330,-0.01793415
RootQ.y,0.16666670,-0.02441779
RootQ.y,0.23333330,-0.01975058
RootQ.y,0.26666670,-0.01193694
RootQ.y,0.28333340,-0.00943290
RootQ.y,0.30000000,-0.00824645
RootQ.y,0.31666670,-0.00906427
RootQ.y,0.36666670,-0.01636944
RootQ.y,0.41666670,-0.02236158
RootQ.y,0.45000000,-0.02355243
RootQ.y,0.46666670,-0.02239329
RootQ.y,0.51666670,-0.00848622
RootQ.y,0.53333340,-0.00214313
RootQ.z,0.00000000,-0.00020944
RootQ.z,0.01666667,0.00099235
RootQ.z,0.05000000,0.00329391
RootQ.z,0.06666667,0.00436406
RootQ.z,0.08333334,0.00546832
RootQ.z,0.10000000,0.00622097
RootQ.z,0.11666670,0.00576959
RootQ.z,0.13333330,0.00544765
RootQ.z,0.15000000,0.00680899
RootQ.z,0.16666670,0.00853896
RootQ.z,0.18333330,0.00992637
RootQ.z,0.20000000,0.01077085
RootQ.z,0.23333330,0.00949233
RootQ.z,0.26666670,0.00849514
RootQ.z,0.33333330,0.00490997
RootQ.z,0.36666670,0.00176530
RootQ.z,0.38333340,0.00002048
RootQ.z,0.40000000,-0.00168243
RootQ.z,0.43333340,-0.00443710
RootQ.z,0.46666670,-0.00572083
RootQ.z,0.48333330,-0.00525092
RootQ.z,0.50000000,-0.00412573
RootQ.z,0.51666670,-0.00230778
RootQ.z,0.53333340,-0.00020948
RootQ.w,0.00000000,0.99999700
RootQ.w,0.53333340,0.99999700
LeftFootT.x,0.00000000,-0.09635019
LeftFootT.x,0.08333334,-0.10861760
LeftFootT.x,0.11666670,-0.10964650
LeftFootT.x,0.13333330,-0.10972410
LeftFootT.x,0.18333330,-0.11857250
LeftFootT.x,0.25000000,-0.11640120
LeftFootT.x,0.38333340,-0.09755052
LeftFootT.x,0.50000000,-0.08939544
LeftFootT.x,0.53333340,-0.09635083
LeftFootT.y,0.00000000,-0.99189690
LeftFootT.y,0.53333340,-0.99189690
LeftFootT.z,0.00000000,-0.00797073
LeftFootT.z,0.03333334,-0.00929807
LeftFootT.z,0.06666667,-0.01069305
LeftFootT.z,0.10000000,-0.00985566
LeftFootT.z,0.13333330,-0.01030630
LeftFootT.z,0.16666670,-0.00901427
LeftFootT.z,0.18333330,-0.00811763
LeftFootT.z,0.20000000,-0.00769842
LeftFootT.z,0.21666670,-0.00866985
LeftFootT.z,0.23333330,-0.01007320
LeftFootT.z,0.26666670,-0.01225291
LeftFootT.z,0.30000000,-0.01259204
LeftFootT.z,0.33333330,-0.01231398
LeftFootT.z,0.36666670,-0.01475207
LeftFootT.z,0.40000000,-0.01781763
LeftFootT.z,0.41666670,-0.01781546
LeftFootT.z,0.43333340,-0.01671944
LeftFootT.z,0.46666670,-0.01098650
LeftFootT.z,0.48333330,-0.00948231
LeftFootT.z,0.53333340,-0.00797014
LeftFootQ.x,0.00000000,-0.50056790
LeftFootQ.x,0.11666670,-0.50237140
LeftFootQ.x,0.35000000,-0.50143100
LeftFootQ.x,0.51666670,-0.50470600
LeftFootQ.x,0.53333340,-0.50056720
LeftFootQ.y,0.00000000,0.50157270
LeftFootQ.y,0.23333330,0.51615940
LeftFootQ.y,0.38333340,0.51351790
LeftFootQ.y,0.53333340,0.50157310
LeftFootQ.z,0.00000000,-0.49821490
LeftFootQ.z,0.20000000,-0.49167720
LeftFootQ.z,0.35000000,-0.49123160
LeftFootQ.z,0.51666670,-0.49389780
LeftFootQ.z,0.53333340,-0.49821380
LeftFootQ.w,0.00000000,0.49963860
LeftFootQ.w,0.23333330,0.48694190
LeftFootQ.w,0.46666670,0.49312530
LeftFootQ.w,0.53333340,0.49964020
RightFootT.x,0.00000000,0.05644286
RightFootT.x,0.05000000,0.04879979
RightFootT.x,0.10000000,0.04282085
RightFootT.x,0.13333330,0.04294335
RightFootT.x,0.16666670,0.03647058
RightFootT.x,0.20000000,0.03251277
RightFootT.x,0.23333330,0.03500048
RightFootT.x,0.30000000,0.04124982
RightFootT.x,0.40000000,0.05813510
RightFootT.x,0.50000000,0.06331704
RightFootT.x,0.53333340,0.05644245
RightFootT.y,0.00000000,-0.99183060
RightFootT.y,0.53333340,-0.99183060
RightFootT.z,0.00000000,-0.00922841
RightFootT.z,0.03333334,-0.00843740
RightFootT.z,0.06666667,-0.01080127
RightFootT.z,0.10000000,-0.01313402
RightFootT.z,0.13333330,-0.01639539
RightFootT.z,0.16666670,-0.01708888
RightFootT.z,0.20000000,-0.01590010
RightFootT.z,0.23333330,-0.01672559
RightFootT.z,0.30000000,-0.01572987
RightFootT.z,0.33333330,-0.01629424
RightFootT.z,0.38333340,-0.02283248
RightFootT.z,0.43333340,-0.02445164
RightFootT.z,0.46666670,-0.01842662
RightFootT.z,0.50000000,-0.01356816
RightFootT.z,0.53333340,-0.00922776
RightFootQ.x,0.00000000,-0.50056790
RightFootQ.x,0.11666670,-0.50232910
RightFootQ.x,0.35000000,-0.50139190
RightFootQ.x,0.51666670,-0.50469940
RightFootQ.x,0.53333340,-0.50056770
RightFootQ.y,0.00000000,0.50157270
RightFootQ.y,0.23333330,0.51616900
RightFootQ.y,0.38333340,0.51356530
RightFootQ.y,0.53333340,0.50157240
RightFootQ.z,0.00000000,-0.49821490
RightFootQ.z,0.20000000,-0.49161570
RightFootQ.z,0.35000000,-0.49107600
RightFootQ.z,0.51666670,-0.49387770
RightFootQ.z,0.53333340,-0.49821510
RightFootQ.w,0.00000000,0.49963860
RightFootQ.w,0.23333330,0.48692610
RightFootQ.w,0.46666670,0.49328440
RightFootQ.w,0.53333340,0.49963900
LeftHandT.x,0.00000000,-0.27930510
LeftHandT.x,0.10000000,-0.26854580
LeftHandT.x,0.31666670,-0.27420700
LeftHandT.x,0.46666670,-0.28479590
LeftHandT.x,0.53333340,-0.27929230
LeftHandT.y,0.00000000,-0.07766686
LeftHandT.y,0.11666670,-0.08141468
LeftHandT.y,0.21666670,-0.08114688
LeftHandT.y,0.38333340,-0.07569229
LeftHandT.y,0.53333340,-0.07768230
LeftHandT.z,0.00000000,0.08482038
LeftHandT.z,0.05000000,0.07656693
LeftHandT.z,0.11666670,0.07369485
LeftHandT.z,0.21666670,0.07068430
LeftHandT.z,0.31666670,0.06951825
LeftHandT.z,0.40000000,0.08522383
LeftHandT.z,0.46666670,0.09658816
LeftHandT.z,0.53333340,0.08479201
LeftHandQ.x,0.00000000,0.24406300
LeftHandQ.x,0.06666667,0.22765990
LeftHandQ.x,0.11666670,0.22842420
LeftHandQ.x,0.18333330,0.21804950
LeftHandQ.x,0.21666670,0.20618050
LeftHandQ.x,0.28333340,0.19877580
LeftHandQ.x,0.38333340,0.25803320
LeftHandQ.x,0.46666670,0.26530600
LeftHandQ.x,0.53333340,0.24404370
LeftHandQ.y,0.00000000,0.09337229
LeftHandQ.y,0.05000000,0.09703315
LeftHandQ.y,0.11666670,0.09126633
LeftHandQ.y,0.16666670,0.09745946
LeftHandQ.y,0.26666670,0.12361690
LeftHandQ.y,0.36666670,0.06881783
LeftHandQ.y,0.41666670,0.05607898
LeftHandQ.y,0.46666670,0.06945660
LeftHandQ.y,0.50000000,0.08540668
LeftHandQ.y,0.53333340,0.09335106
LeftHandQ.z,0.00000000,0.74665290
LeftHandQ.z,0.21666670,0.78925570
LeftHandQ.z,0.40000000,0.75130380
LeftHandQ.z,0.53333340,0.74664730
LeftHandQ.w,0.00000000,-0.61173890
LeftHandQ.w,0.20000000,-0.56780180
LeftHandQ.w,0.30000000,-0.59250690
LeftHandQ.w,0.41666670,-0.59795290
LeftHandQ.w,0.53333340,-0.61175670
RightHandT.x,0.00000000,0.22283590
RightHandT.x,0.03333334,0.18219740
RightHandT.x,0.06666667,0.16954310
RightHandT.x,0.10000000,0.19492290
RightHandT.x,0.13333330,0.23767010
RightHandT.x,0.16666670,0.29133890
RightHandT.x,0.20000000,0.30659280
RightHandT.x,0.26666670,0.22129730
RightHandT.x,0.30000000,0.18775050
RightHandT.x,0.36666670,0.21784930
RightHandT.x,0.45000000,0.31520620
RightHandT.x,0.53333340,0.22283510
RightHandT.y,0.00000000,0.51328020
RightHandT.y,0.08333334,0.47247650
RightHandT.y,0.15000000,0.52177040
RightHandT.y,0.28333340,0.49604940
RightHandT.y,0.35000000,0.47885130
RightHandT.y,0.41666670,0.52071190
RightHandT.y,0.53333340,0.51328100
RightHandT.z,0.00000000,0.30658610
RightHandT.z,0.08333334,0.31087630
RightHandT.z,0.16666670,0.32326450
RightHandT.z,0.21666670,0.31105160
RightHandT.z,0.30000000,0.31144980
RightHandT.z,0.38333340,0.31229610
RightHandT.z,0.48333330,0.29891400
RightHandT.z,0.53333340,0.30658610
RightHandQ.x,0.00000000,-0.37143750
RightHandQ.x,0.05000000,-0.15172370
RightHandQ.x,0.06666667,-0.12565130
RightHandQ.x,0.08333334,-0.13652270
RightHandQ.x,0.10000000,-0.17970150
RightHandQ.x,0.11666670,-0.26313900
RightHandQ.x,0.16666670,-0.52374790
RightHandQ.x,0.21666670,-0.54005690
RightHandQ.x,0.25000000,-0.38969160
RightHandQ.x,0.28333340,-0.18617420
RightHandQ.x,0.30000000,-0.10932900
RightHandQ.x,0.31666670,-0.07610542
RightHandQ.x,0.33333330,-0.08276391
RightHandQ.x,0.35000000,-0.13771870
RightHandQ.x,0.41666670,-0.51905720
RightHandQ.x,0.48333330,-0.59642890
RightHandQ.x,0.51666670,-0.46574720
RightHandQ.x,0.53333340,-0.37143770
RightHandQ.y,0.00000000,-0.70613960
RightHandQ.y,0.03333334,-0.77863030
RightHandQ.y,0.10000000,-0.73239110
RightHandQ.y,0.13333330,-0.67282580
RightHandQ.y,0.20000000,-0.54834960
RightHandQ.y,0.26666670,-0.76504490
RightHandQ.y,0.33333330,-0.78853660
RightHandQ.y,0.40000000,-0.67219440
RightHandQ.y,0.46666670,-0.50842700
RightHandQ.y,0.53333340,-0.70613970
RightHandQ.z,0.00000000,0.41944750
RightHandQ.z,0.03333334,0.45932670
RightHandQ.z,0.06666667,0.51102200
RightHandQ.z,0.10000000,0.51635750
RightHandQ.z,0.15000000,0.43905660
RightHandQ.z,0.21666670,0.38969860
RightHandQ.z,0.26666670,0.39351110
RightHandQ.z,0.30000000,0.44882420
RightHandQ.z,0.33333330,0.48128760
RightHandQ.z,0.38333340,0.41109730
RightHandQ.z,0.40000000,0.37702450
RightHandQ.z,0.45000000,0.35389580
RightHandQ.z,0.51666670,0.40605400
RightHandQ.z,0.53333340,0.41944800
RightHandQ.w,0.00000000,0.43297240
RightHandQ.w,0.06666667,0.35810980
RightHandQ.w,0.11666670,0.43106690
RightHandQ.w,0.20000000,0.46319950
RightHandQ.w,0.26666670,0.42221110
RightHandQ.w,0.33333330,0.37379460
RightHandQ.w,0.38333340,0.45368330
RightHandQ.w,0.46666670,0.46593150
RightHandQ.w,0.51666670,0.45285460
RightHandQ.w,0.53333340,0.43297150
Spine Front-Back,0.00000000,-0.00000013
Spine Front-Back,0.01666667,0.00685172
Spine Front-Back,0.03333334,0.01233494
Spine Front-Back,0.05000000,0.01447894
Spine Front-Back,0.06666667,0.01349188
Spine Front-Back,0.08333334,0.00873567
Spine Front-Back,0.10000000,0.00084723
Spine Front-Back,0.11666670,-0.01054966
Spine Front-Back,0.13333330,-0.02298429
Spine Front-Back,0.15000000,-0.03510261
Spine Front-Back,0.16666670,-0.04405629
Spine Front-Back,0.18333330,-0.04533515
Spine Front-Back,0.23333330,-0.03204266
Spine Front-Back,0.26666670,-0.02144811
Spine Front-Back,0.28333340,-0.01730718
Spine Front-Back,0.30000000,-0.01506541
Spine Front-Back,0.31666670,-0.01639853
Spine Front-Back,0.33333330,-0.01966104
Spine Front-Back,0.35000000,-0.02471287
Spine Front-Back,0.36666670,-0.02867820
Spine Front-Back,0.38333340,-0.02769886
Spine Front-Back,0.40000000,-0.02464881
Spine Front-Back,0.41666670,-0.02042778
Spine Front-Back,0.43333340,-0.01710483
Spine Front-Back,0.45000000,-0.01854383
Spine Front-Back,0.46666670,-0.02023076
Spine Front-Back,0.48333330,-0.01855722
Spine Front-Back,0.50000000,-0.01466547
Spine Front-Back,0.51666670,-0.00791589
Spine Front-Back,0.53333340,-0.00000013
Spine Left-Right,0.00000000,-0.00000043
Spine Left-Right,0.01666667,-0.01774065
Spine Left-Right,0.03333334,-0.03355798
Spine Left-Right,0.06666667,-0.05133420
Spine Left-Right,0.10000000,-0.05047249
Spine Left-Right,0.11666670,-0.03856369
Spine Left-Right,0.13333330,-0.02356202
Spine Left-Right,0.15000000,-0.00943172
Spine Left-Right,0.16666670,0.00244895
Spine Left-Right,0.18333330,0.00786141
Spine Left-Right,0.20000000,0.01041045
Spine Left-Right,0.21666670,0.01320456
Spine Left-Right,0.23333330,0.01391534
Spine Left-Right,0.25000000,0.01065526
Spine Left-Right,0.26666670,0.00522208
Spine Left-Right,0.28333340,-0.00192156
Spine Left-Right,0.30000000,-0.00858468
Spine Left-Right,0.31666670,-0.01248126
Spine Left-Right,0.33333330,-0.01346584
Spine Left-Right,0.35000000,-0.01008739
Spine Left-Right,0.36666670,-0.00406785
Spine Left-Right,0.38333340,0.00371845
Spine Left-Right,0.40000000,0.01215961
Spine Left-Right,0.43333340,0.02683000
Spine Left-Right,0.46666670,0.03548212
Spine Left-Right,0.48333330,0.03334264
Spine Left-Right,0.50000000,0.02677272
Spine Left-Right,0.51666670,0.01450980
Spine Left-Right,0.53333340,-0.00000124
Spine Twist Left-Right,0.00000000,-0.00000017
Spine Twist Left-Right,0.01666667,0.01158224
Spine Twist Left-Right,0.06666667,0.03455626
Spine Twist Left-Right,0.08333334,0.03383502
Spine Twist Left-Right,0.10000000,0.02803402
Spine Twist Left-Right,0.11666670,0.01549049
Spine Twist Left-Right,0.13333330,0.00012270
Spine Twist Left-Right,0.15000000,-0.01528359
Spine Twist Left-Right,0.16666670,-0.02930652
Spine Twist Left-Right,0.20000000,-0.04659163
Spine Twist Left-Right,0.23333330,-0.05381412
Spine Twist Left-Right,0.26666670,-0.04420703
Spine Twist Left-Right,0.30000000,-0.02377361
Spine Twist Left-Right,0.31666670,-0.01385374
Spine Twist Left-Right,0.33333330,-0.00482630
Spine Twist Left-Right,0.35000000,0.00273211
Spine Twist Left-Right,0.38333340,0.01224877
Spine Twist Left-Right,0.40000000,0.01325489
Spine Twist Left-Right,0.41666670,0.01033504
Spine Twist Left-Right,0.43333340,0.00498703
Spine Twist Left-Right,0.45000000,-0.00252969
Spine Twist Left-Right,0.46666670,-0.00959613
Spine Twist Left-Right,0.48333330,-0.01376658
Spine Twist Left-Right,0.50000000,-0.01433821
Spine Twist Left-Right,0.51666670,-0.00839121
Spine Twist Left-Right,0.53333340,-0.00000034
Chest Front-Back,0.00000000,0.00000009
Chest Front-Back,0.01666667,-0.00075118
Chest Front-Back,0.03333334,-0.00135944
Chest Front-Back,0.05000000,-0.00162804
Chest Front-Back,0.06666667,-0.00158530
Chest Front-Back,0.08333334,-0.00173543
Chest Front-Back,0.10000000,-0.00044529
Chest Front-Back,0.11666670,0.00448399
Chest Front-Back,0.15000000,0.01762190
Chest Front-Back,0.16666670,0.02344351
Chest Front-Back,0.25000000,0.01907183
Chest Front-Back,0.28333340,0.01060247
Chest Front-Back,0.30000000,0.00702661
Chest Front-Back,0.31666670,0.00478681
Chest Front-Back,0.33333330,0.00367390
Chest Front-Back,0.35000000,0.00385161
Chest Front-Back,0.36666670,0.00494431
Chest Front-Back,0.40000000,0.00891117
Chest Front-Back,0.41666670,0.01007467
Chest Front-Back,0.43333340,0.01031042
Chest Front-Back,0.46666670,0.00685917
Chest Front-Back,0.48333330,0.00515782
Chest Front-Back,0.53333340,0.00000009
Chest Left-Right,0.00000000,-0.00000017
Chest Left-Right,0.01666667,0.00504530
Chest Left-Right,0.03333334,0.00938511
Chest Left-Right,0.05000000,0.01217504
Chest Left-Right,0.06666667,0.01312463
Chest Left-Right,0.10000000,0.00777770
Chest Left-Right,0.13333330,-0.00058423
Chest Left-Right,0.15000000,-0.00550133
Chest Left-Right,0.16666670,-0.01007444
Chest Left-Right,0.18333330,-0.01391051
Chest Left-Right,0.20000000,-0.01567402
Chest Left-Right,0.21666670,-0.01321072
Chest Left-Right,0.25000000,-0.00285782
Chest Left-Right,0.26666670,0.00307591
Chest Left-Right,0.28333340,0.00819802
Chest Left-Right,0.30000000,0.01178446
Chest Left-Right,0.31666670,0.01253688
Chest Left-Right,0.33333330,0.01116581
Chest Left-Right,0.36666670,0.00288255
Chest Left-Right,0.38333340,-0.00220158
Chest Left-Right,0.40000000,-0.00709492
Chest Left-Right,0.43333340,-0.01385664
Chest Left-Right,0.48333330,-0.01263294
Chest Left-Right,0.50000000,-0.00954806
Chest Left-Right,0.51666670,-0.00506472
Chest Left-Right,0.53333340,-0.00000017
Chest Twist Left-Right,0.00000000,-0.00000013
Chest Twist Left-Right,0.01666667,0.00262724
Chest Twist Left-Right,0.06666667,0.00769814
Chest Twist Left-Right,0.08333334,0.00754393
Chest Twist Left-Right,0.10000000,0.00636824
Chest Twist Left-Right,0.11666670,0.00393339
Chest Twist Left-Right,0.13333330,0.00096605
Chest Twist Left-Right,0.15000000,-0.00199655
Chest Twist Left-Right,0.16666670,-0.00465688
Chest Twist Left-Right,0.20000000,-0.00771231
Chest Twist Left-Right,0.23333330,-0.00889363
Chest Twist Left-Right,0.26666670,-0.00691328
Chest Twist Left-Right,0.30000000,-0.00306572
Chest Twist Left-Right,0.31666670,-0.00143453
Chest Twist Left-Right,0.33333330,-0.00009823
Chest Twist Left-Right,0.35000000,0.00082308
Chest Twist Left-Right,0.36666670,0.00141620
Chest Twist Left-Right,0.40000000,0.00176246
Chest Twist Left-Right,0.41666670,0.00117109
Chest Twist Left-Right,0.43333340,0.00019014
Chest Twist Left-Right,0.45000000,-0.00124090
Chest Twist Left-Right,0.46666670,-0.00256896
Chest Twist Left-Right,0.48333330,-0.00331708
Chest Twist Left-Right,0.50000000,-0.00330669
Chest Twist Left-Right,0.51666670,-0.00190772
Chest Twist Left-Right,0.53333340,-0.00000013
UpperChest Front-Back,0.00000000,-0.00000026
UpperChest Front-Back,0.01666667,-0.00133175
UpperChest Front-Back,0.03333334,-0.00239888
UpperChest Front-Back,0.05000000,-0.00282801
UpperChest Front-Back,0.06666667,-0.00265659
UpperChest Front-Back,0.08333334,-0.00287357
UpperChest Front-Back,0.10000000,-0.00026408
UpperChest Front-Back,0.11666670,0.00950657
UpperChest Front-Back,0.15000000,0.03550080
UpperChest Front-Back,0.16666670,0.04698715
UpperChest Front-Back,0.23333330,0.04526024
UpperChest Front-Back,0.28333340,0.02066064
UpperChest Front-Back,0.30000000,0.01363343
UpperChest Front-Back,0.31666670,0.00930219
UpperChest Front-Back,0.33333330,0.00725266
UpperChest Front-Back,0.35000000,0.00780646
UpperChest Front-Back,0.36666670,0.01018393
UpperChest Front-Back,0.40000000,0.01841974
UpperChest Front-Back,0.41666670,0.02075924
UpperChest Front-Back,0.43333340,0.02115257
UpperChest Front-Back,0.46666670,0.01381484
UpperChest Front-Back,0.48333330,0.01023554
UpperChest Front-Back,0.53333340,-0.00000026
UpperChest Left-Right,0.00000000,-0.00000120
UpperChest Left-Right,0.01666667,0.00988386
UpperChest Left-Right,0.03333334,0.01837804
UpperChest Left-Right,0.05000000,0.02382361
UpperChest Left-Right,0.06666667,0.02564472
UpperChest Left-Right,0.10000000,0.01502553
UpperChest Left-Right,0.13333330,-0.00110746
UpperChest Left-Right,0.15000000,-0.01059807
UpperChest Left-Right,0.16666670,-0.01943618
UpperChest Left-Right,0.18333330,-0.02691836
UpperChest Left-Right,0.20000000,-0.03033587
UpperChest Left-Right,0.21666670,-0.02536848
UpperChest Left-Right,0.25000000,-0.00477609
UpperChest Left-Right,0.26666670,0.00694876
UpperChest Left-Right,0.28333340,0.01699278
UpperChest Left-Right,0.30000000,0.02395150
UpperChest Left-Right,0.31666670,0.02526066
UpperChest Left-Right,0.33333330,0.02235797
UpperChest Left-Right,0.36666670,0.00566472
UpperChest Left-Right,0.38333340,-0.00446503
UpperChest Left-Right,0.40000000,-0.01417391
UpperChest Left-Right,0.43333340,-0.02748915
UpperChest Left-Right,0.48333330,-0.02490046
UpperChest Left-Right,0.50000000,-0.01877877
UpperChest Left-Right,0.51666670,-0.00995250
UpperChest Left-Right,0.53333340,-0.00000120
UpperChest Twist Left-Right,0.00000000,-0.00000009
UpperChest Twist Left-Right,0.01666667,0.00537597
UpperChest Twist Left-Right,0.05000000,0.01371020
UpperChest Twist Left-Right,0.06666667,0.01563388
UpperChest Twist Left-Right,0.08333334,0.01533006
UpperChest Twist Left-Right,0.10000000,0.01282612
UpperChest Twist Left-Right,0.11666670,0.00739387
UpperChest Twist Left-Right,0.13333330,0.00078010
UpperChest Twist Left-Right,0.15000000,-0.00576583
UpperChest Twist Left-Right,0.16666670,-0.01155927
UpperChest Twist Left-Right,0.20000000,-0.01772165
UpperChest Twist Left-Right,0.23333330,-0.02032663
UpperChest Twist Left-Right,0.26666670,-0.01662723
UpperChest Twist Left-Right,0.30000000,-0.00893229
UpperChest Twist Left-Right,0.31666670,-0.00542759
UpperChest Twist Left-Right,0.33333330,-0.00239340
UpperChest Twist Left-Right,0.35000000,-0.00008376
UpperChest Twist Left-Right,0.36666670,0.00158034
UpperChest Twist Left-Right,0.38333340,0.00271228
UpperChest Twist Left-Right,0.40000000,0.00296971
UpperChest Twist Left-Right,0.41666670,0.00187645
UpperChest Twist Left-Right,0.43333340,-0.00011603
UpperChest Twist Left-Right,0.45000000,-0.00313708
UpperChest Twist Left-Right,0.46666670,-0.00591034
UpperChest Twist Left-Right,0.48333330,-0.00726032
UpperChest Twist Left-Right,0.50000000,-0.00700799
UpperChest Twist Left-Right,0.51666670,-0.00401377
UpperChest Twist Left-Right,0.53333340,-0.00000009
Neck Nod Down-Up,0.00000000,-0.00000013
Neck Nod Down-Up,0.01666667,0.00469708
Neck Nod Down-Up,0.03333334,0.00930008
Neck Nod Down-Up,0.05000000,0.01427452
Neck Nod Down-Up,0.08333334,0.01861320
Neck Nod Down-Up,0.10000000,0.01568975
Neck Nod Down-Up,0.11666670,0.00625681
Neck Nod Down-Up,0.13333330,-0.00552585
Neck Nod Down-Up,0.15000000,-0.01715777
Neck Nod Down-Up,0.16666670,-0.02647578
Neck Nod Down-Up,0.18333330,-0.02955048
Neck Nod Down-Up,0.23333330,-0.02289648
Neck Nod Down-Up,0.26666670,-0.01358753
Neck Nod Down-Up,0.28333340,-0.00797319
Neck Nod Down-Up,0.30000000,-0.00209150
Neck Nod Down-Up,0.31666670,0.00413855
Neck Nod Down-Up,0.33333330,0.00936602
Neck Nod Down-Up,0.35000000,0.01246352
Neck Nod Down-Up,0.36666670,0.01284574
Neck Nod Down-Up,0.38333340,0.00878512
Neck Nod Down-Up,0.40000000,0.00258733
Neck Nod Down-Up,0.41666670,-0.00465269
Neck Nod Down-Up,0.43333340,-0.01106482
Neck Nod Down-Up,0.45000000,-0.01411077
Neck Nod Down-Up,0.46666670,-0.01472016
Neck Nod Down-Up,0.50000000,-0.00884480
Neck Nod Down-Up,0.51666670,-0.00461189
Neck Nod Down-Up,0.53333340,-0.00000073
Neck Tilt Left-Right,0.00000000,0.00000017
Neck Tilt Left-Right,0.01666667,0.01456807
Neck Tilt Left-Right,0.03333334,0.02599441
Neck Tilt Left-Right,0.05000000,0.02926694
Neck Tilt Left-Right,0.06666667,0.02685392
Neck Tilt Left-Right,0.10000000,0.00736895
Neck Tilt Left-Right,0.11666670,-0.00655655
Neck Tilt Left-Right,0.13333330,-0.02111267
Neck Tilt Left-Right,0.16666670,-0.04564352
Neck Tilt Left-Right,0.18333330,-0.04837037
Neck Tilt Left-Right,0.20000000,-0.04499091
Neck Tilt Left-Right,0.23333330,-0.02067443
Neck Tilt Left-Right,0.25000000,-0.00736591
Neck Tilt Left-Right,0.26666670,0.00422654
Neck Tilt Left-Right,0.28333340,0.01160452
Neck Tilt Left-Right,0.30000000,0.01481180
Neck Tilt Left-Right,0.31666670,0.01287700
Neck Tilt Left-Right,0.33333330,0.00634812
Neck Tilt Left-Right,0.35000000,-0.00516595
Neck Tilt Left-Right,0.36666670,-0.01981975
Neck Tilt Left-Right,0.40000000,-0.05340813
Neck Tilt Left-Right,0.43333340,-0.07530051
Neck Tilt Left-Right,0.46666670,-0.07110921
Neck Tilt Left-Right,0.50000000,-0.04055606
Neck Tilt Left-Right,0.51666670,-0.02090277
Neck Tilt Left-Right,0.53333340,0.00000043
Neck Turn Left-Right,0.00000000,0.00000021
Neck Turn Left-Right,0.01666667,0.00320345
Neck Turn Left-Right,0.03333334,0.00598639
Neck Turn Left-Right,0.05000000,0.00794169
Neck Turn Left-Right,0.06666667,0.00900649
Neck Turn Left-Right,0.10000000,0.00769035
Neck Turn Left-Right,0.11666670,0.00721016
Neck Turn Left-Right,0.15000000,0.00574520
Neck Turn Left-Right,0.16666670,0.00449038
Neck Turn Left-Right,0.18333330,0.00227853
Neck Turn Left-Right,0.20000000,0.00036633
Neck Turn Left-Right,0.21666670,-0.00004854
Neck Turn Left-Right,0.23333330,0.00036616
Neck Turn Left-Right,0.25000000,0.00145145
Neck Turn Left-Right,0.26666670,0.00301693
Neck Turn Left-Right,0.28333340,0.00509906
Neck Turn Left-Right,0.30000000,0.00700617
Neck Turn Left-Right,0.31666670,0.00831812
Neck Turn Left-Right,0.33333330,0.00828236
Neck Turn Left-Right,0.35000000,0.00570157
Neck Turn Left-Right,0.36666670,0.00134739
Neck Turn Left-Right,0.38333340,-0.00505504
Neck Turn Left-Right,0.40000000,-0.01171589
Neck Turn Left-Right,0.41666670,-0.01700576
Neck Turn Left-Right,0.43333340,-0.02039442
Neck Turn Left-Right,0.46666670,-0.01810120
Neck Turn Left-Right,0.50000000,-0.00884484
Neck Turn Left-Right,0.51666670,-0.00436227
Neck Turn Left-Right,0.53333340,0.00000004
Head Nod Down-Up,0.00000000,0.00000013
Head Nod Down-Up,0.01666667,-0.00233087
Head Nod Down-Up,0.03333334,-0.00449683
Head Nod Down-Up,0.05000000,-0.00640254
Head Nod Down-Up,0.06666667,-0.00767866
Head Nod Down-Up,0.08333334,-0.00710417
Head Nod Down-Up,0.10000000,-0.00717057
Head Nod Down-Up,0.11666670,-0.01099919
Head Nod Down-Up,0.13333330,-0.01549724
Head Nod Down-Up,0.15000000,-0.01879072
Head Nod Down-Up,0.16666670,-0.02081512
Head Nod Down-Up,0.20000000,-0.01883615
Head Nod Down-Up,0.23333330,-0.01340450
Head Nod Down-Up,0.25000000,-0.01100137
Head Nod Down-Up,0.26666670,-0.00928367
Head Nod Down-Up,0.30000000,-0.00936181
Head Nod Down-Up,0.33333330,-0.01099287
Head Nod Down-Up,0.35000000,-0.01056473
Head Nod Down-Up,0.36666670,-0.00944495
Head Nod Down-Up,0.38333340,-0.00747104
Head Nod Down-Up,0.40000000,-0.00553352
Head Nod Down-Up,0.41666670,-0.00465135
Head Nod Down-Up,0.43333340,-0.00405324
Head Nod Down-Up,0.45000000,-0.00334716
Head Nod Down-Up,0.48333330,-0.00187289
Head Nod Down-Up,0.50000000,-0.00111831
Head Nod Down-Up,0.51666670,-0.00052274
Head Nod Down-Up,0.53333340,-0.00000009
Head Tilt Left-Right,0.00000000,0.00000077
Head Tilt Left-Right,0.01666667,0.00477891
Head Tilt Left-Right,0.03333334,0.00853946
Head Tilt Left-Right,0.05000000,0.00942392
Head Tilt Left-Right,0.06666667,0.00889136
Head Tilt Left-Right,0.08333334,0.00693809
Head Tilt Left-Right,0.10000000,0.00615521
Head Tilt Left-Right,0.11666670,0.01074422
Head Tilt Left-Right,0.13333330,0.01579905
Head Tilt Left-Right,0.15000000,0.01756207
Head Tilt Left-Right,0.20000000,0.02092300
Head Tilt Left-Right,0.23333330,0.02704271
Head Tilt Left-Right,0.31666670,0.03056041
Head Tilt Left-Right,0.33333330,0.02600413
Head Tilt Left-Right,0.36666670,0.00936120
Head Tilt Left-Right,0.38333340,-0.00055065
Head Tilt Left-Right,0.40000000,-0.01015348
Head Tilt Left-Right,0.43333340,-0.02425504
Head Tilt Left-Right,0.45000000,-0.02617743
Head Tilt Left-Right,0.46666670,-0.02501199
Head Tilt Left-Right,0.50000000,-0.01414943
Head Tilt Left-Right,0.53333340,-0.00000026
Head Turn Left-Right,0.00000000,-0.00000034
Head Turn Left-Right,0.01666667,0.00072861
Head Turn Left-Right,0.03333334,0.00162581
Head Turn Left-Right,0.05000000,0.00302290
Head Turn Left-Right,0.06666667,0.00456141
Head Turn Left-Right,0.08333334,0.00644907
Head Turn Left-Right,0.10000000,0.00766147
Head Turn Left-Right,0.11666670,0.00643610
Head Turn Left-Right,0.13333330,0.00484117
Head Turn Left-Right,0.15000000,0.00471797
Head Turn Left-Right,0.16666670,0.00421498
Head Turn Left-Right,0.18333330,0.00155407
Head Turn Left-Right,0.20000000,-0.00174580
Head Turn Left-Right,0.21666670,-0.00446922
Head Turn Left-Right,0.23333330,-0.00656188
Head Turn Left-Right,0.25000000,-0.00757012
Head Turn Left-Right,0.26666670,-0.00753405
Head Turn Left-Right,0.28333340,-0.00607423
Head Turn Left-Right,0.30000000,-0.00397609
Head Turn Left-Right,0.31666670,-0.00147166
Head Turn Left-Right,0.33333330,0.00071874
Head Turn Left-Right,0.35000000,0.00155869
Head Turn Left-Right,0.36666670,0.00117199
Head Turn Left-Right,0.38333340,-0.00113292
Head Turn Left-Right,0.40000000,-0.00393858
Head Turn Left-Right,0.43333340,-0.00745710
Head Turn Left-Right,0.45000000,-0.00688637
Head Turn Left-Right,0.46666670,-0.00555167
Head Turn Left-Right,0.48333330,-0.00392772
Head Turn Left-Right,0.50000000,-0.00226001
Head Turn Left-Right,0.51666670,-0.00092413
Head Turn Left-Right,0.53333340,-0.00000038
Left Eye Down-Up,0.00000000,0.00000000
Left Eye Down-Up,0.53333340,0.00000000
Left Eye In-Out,0.00000000,0.00000000
Left Eye In-Out,0.53333340,0.00000000
Right Eye Down-Up,0.00000000,0.00000000
Right Eye Down-Up,0.53333340,0.00000000
Right Eye In-Out,0.00000000,0.00000000
Right Eye In-Out,0.53333340,0.00000000
Jaw Close,0.00000000,0.00000000
Jaw Close,0.53333340,0.00000000
Jaw Left-Right,0.00000000,0.00000000
Jaw Left-Right,0.53333340,0.00000000
Left Upper Leg Front-Back,0.00000000,0.59952080
Left Upper Leg Front-Back,0.10000000,0.58924260
Left Upper Leg Front-Back,0.18333330,0.60101200
Left Upper Leg Front-Back,0.31666670,0.60429380
Left Upper Leg Front-Back,0.40000000,0.62732760
Left Upper Leg Front-Back,0.51666670,0.60964030
Left Upper Leg Front-Back,0.53333340,0.59952320
Left Upper Leg In-Out,0.00000000,0.00509018
Left Upper Leg In-Out,0.01666667,0.00438198
Left Upper Leg In-Out,0.03333334,0.00413881
Left Upper Leg In-Out,0.05000000,0.00561659
Left Upper Leg In-Out,0.06666667,0.00733897
Left Upper Leg In-Out,0.08333334,0.00767771
Left Upper Leg In-Out,0.10000000,0.00835790
Left Upper Leg In-Out,0.11666670,0.01044295
Left Upper Leg In-Out,0.13333330,0.01397381
Left Upper Leg In-Out,0.16666670,0.02694101
Left Upper Leg In-Out,0.20000000,0.03201453
Left Upper Leg In-Out,0.25000000,0.03388137
Left Upper Leg In-Out,0.30000000,0.02771049
Left Upper Leg In-Out,0.35000000,0.01602217
Left Upper Leg In-Out,0.38333340,0.00915096
Left Upper Leg In-Out,0.40000000,0.00630646
Left Upper Leg In-Out,0.41666670,0.00346629
Left Upper Leg In-Out,0.43333340,0.00107540
Left Upper Leg In-Out,0.45000000,-0.00068819
Left Upper Leg In-Out,0.46666670,-0.00151759
Left Upper Leg In-Out,0.48333330,-0.00087033
Left Upper Leg In-Out,0.50000000,0.00068781
Left Upper Leg In-Out,0.51666670,0.00268818
Left Upper Leg In-Out,0.53333340,0.00508961
Left Upper Leg Twist In-Out,0.00000000,0.05251820
Left Upper Leg Twist In-Out,0.08333334,0.06194792
Left Upper Leg Twist In-Out,0.13333330,0.05833383
Left Upper Leg Twist In-Out,0.16666670,0.05197785
Left Upper Leg Twist In-Out,0.21666670,0.04951489
Left Upper Leg Twist In-Out,0.30000000,0.05287459
Left Upper Leg Twist In-Out,0.36666670,0.05706843
Left Upper Leg Twist In-Out,0.38333340,0.05606638
Left Upper Leg Twist In-Out,0.40000000,0.05521807
Left Upper Leg Twist In-Out,0.45000000,0.04591965
Left Upper Leg Twist In-Out,0.46666670,0.04387060
Left Upper Leg Twist In-Out,0.50000000,0.04707404
Left Upper Leg Twist In-Out,0.51666670,0.04932458
Left Upper Leg Twist In-Out,0.53333340,0.05251462
Left Lower Leg Stretch,0.00000000,0.99668430
Left Lower Leg Stretch,0.13333330,0.98521560
Left Lower Leg Stretch,0.40000000,1.00250900
Left Lower Leg Stretch,0.50000000,1.01307900
Left Lower Leg Stretch,0.53333340,0.99668810
Left Lower Leg Twist In-Out,0.00000000,-0.06466899
Left Lower Leg Twist In-Out,0.03333334,-0.06971692
Left Lower Leg Twist In-Out,0.10000000,-0.09192561
Left Lower Leg Twist In-Out,0.15000000,-0.08839331
Left Lower Leg Twist In-Out,0.21666670,-0.07502633
Left Lower Leg Twist In-Out,0.26666670,-0.06575441
Left Lower Leg Twist In-Out,0.31666670,-0.07501542
Left Lower Leg Twist In-Out,0.40000000,-0.09296020
Left Lower Leg Twist In-Out,0.48333330,-0.07001922
Left Lower Leg Twist In-Out,0.53333340,-0.06466685
Left Foot Up-Down,0.00000000,-0.00005644
Left Foot Up-Down,0.01666667,-0.00257694
Left Foot Up-Down,0.03333334,-0.00486290
Left Foot Up-Down,0.05000000,-0.00706326
Left Foot Up-Down,0.06666667,-0.00847391
Left Foot Up-Down,0.08333334,-0.00808591
Left Foot Up-Down,0.10000000,-0.00720167
Left Foot Up-Down,0.13333330,-0.00678338
Left Foot Up-Down,0.15000000,-0.00675392
Left Foot Up-Down,0.16666670,-0.00709036
Left Foot Up-Down,0.20000000,-0.01082295
Left Foot Up-Down,0.23333330,-0.01391475
Left Foot Up-Down,0.26666670,-0.01527189
Left Foot Up-Down,0.30000000,-0.01194844
Left Foot Up-Down,0.31666670,-0.00836984
Left Foot Up-Down,0.33333330,-0.00432727
Left Foot Up-Down,0.35000000,-0.00080015
Left Foot Up-Down,0.38333340,0.00566993
Left Foot Up-Down,0.40000000,0.00875445
Left Foot Up-Down,0.43333340,0.01479234
Left Foot Up-Down,0.46666670,0.01735876
Left Foot Up-Down,0.50000000,0.01050647
Left Foot Up-Down,0.51666670,0.00530837
Left Foot Up-Down,0.53333340,-0.00004804
Left Foot Twist In-Out,0.00000000,-0.00090818
Left Foot Twist In-Out,0.01666667,-0.00111107
Left Foot Twist In-Out,0.03333334,-0.00120967
Left Foot Twist In-Out,0.05000000,-0.00100492
Left Foot Twist In-Out,0.06666667,-0.00016708
Left Foot Twist In-Out,0.08333334,0.00230804
Left Foot Twist In-Out,0.10000000,0.00423018
Left Foot Twist In-Out,0.11666670,0.00339621
Left Foot Twist In-Out,0.13333330,0.00143324
Left Foot Twist In-Out,0.15000000,-0.00101573
Left Foot Twist In-Out,0.16666670,-0.00351265
Left Foot Twist In-Out,0.18333330,-0.00499740
Left Foot Twist In-Out,0.20000000,-0.00627162
Left Foot Twist In-Out,0.21666670,-0.00808908
Left Foot Twist In-Out,0.25000000,-0.01062095
Left Foot Twist In-Out,0.26666670,-0.01058897
Left Foot Twist In-Out,0.28333340,-0.00897573
Left Foot Twist In-Out,0.30000000,-0.00630113
Left Foot Twist In-Out,0.31666670,-0.00254860
Left Foot Twist In-Out,0.33333330,0.00139623
Left Foot Twist In-Out,0.35000000,0.00470396
Left Foot Twist In-Out,0.36666670,0.00721795
Left Foot Twist In-Out,0.38333340,0.00852168
Left Foot Twist In-Out,0.40000000,0.00901523
Left Foot Twist In-Out,0.41666670,0.00784613
Left Foot Twist In-Out,0.43333340,0.00601149
Left Foot Twist In-Out,0.45000000,0.00417817
Left Foot Twist In-Out,0.46666670,0.00250942
Left Foot Twist In-Out,0.48333330,0.00134043
Left Foot Twist In-Out,0.50000000,0.00045254
Left Foot Twist In-Out,0.51666670,-0.00037314
Left Foot Twist In-Out,0.53333340,-0.00091331
Left Toes Up-Down,0.00000000,-0.00000007
Left Toes Up-Down,0.01666667,0.00000772
Left Toes Up-Down,0.03333334,0.00001404
Left Toes Up-Down,0.05000000,0.00008022
Left Toes Up-Down,0.06666667,0.00018875
Left Toes Up-Down,0.08333334,0.00030538
Left Toes Up-Down,0.10000000,0.00039929
Left Toes Up-Down,0.11666670,0.00041268
Left Toes Up-Down,0.15000000,0.00035237
Left Toes Up-Down,0.16666670,0.00030391
Left Toes Up-Down,0.18333330,0.00023704
Left Toes Up-Down,0.20000000,0.00016597
Left Toes Up-Down,0.21666670,0.00007390
Left Toes Up-Down,0.23333330,-0.00000816
Left Toes Up-Down,0.25000000,-0.00003555
Left Toes Up-Down,0.26666670,-0.00004283
Left Toes Up-Down,0.28333340,-0.00003115
Left Toes Up-Down,0.30000000,-0.00000355
Left Toes Up-Down,0.31666670,0.00008381
Left Toes Up-Down,0.33333330,0.00020986
Left Toes Up-Down,0.38333340,0.00051448
Left Toes Up-Down,0.40000000,0.00052565
Left Toes Up-Down,0.43333340,0.00049563
Left Toes Up-Down,0.48333330,0.00021197
Left Toes Up-Down,0.50000000,0.00010235
Left Toes Up-Down,0.51666670,0.00002824
Left Toes Up-Down,0.53333340,-0.00000355
Right Upper Leg Front-Back,0.00000000,0.60001710
Right Upper Leg Front-Back,0.08333334,0.58118690
Right Upper Leg Front-Back,0.15000000,0.61993620
Right Upper Leg Front-Back,0.20000000,0.63403230
Right Upper Leg Front-Back,0.30000000,0.62784510
Right Upper Leg Front-Back,0.41666670,0.63758360
Right Upper Leg Front-Back,0.50000000,0.62193300
Right Upper Leg Front-Back,0.53333340,0.60000790
Right Upper Leg In-Out,0.00000000,-0.00245580
Right Upper Leg In-Out,0.01666667,-0.00165579
Right Upper Leg In-Out,0.03333334,-0.00169395
Right Upper Leg In-Out,0.05000000,-0.00362202
Right Upper Leg In-Out,0.06666667,-0.00596687
Right Upper Leg In-Out,0.10000000,-0.01007078
Right Upper Leg In-Out,0.11666670,-0.01216152
Right Upper Leg In-Out,0.13333330,-0.01495146
Right Upper Leg In-Out,0.15000000,-0.02047862
Right Upper Leg In-Out,0.16666670,-0.02597715
Right Upper Leg In-Out,0.18333330,-0.02894353
Right Upper Leg In-Out,0.21666670,-0.02925515
Right Upper Leg In-Out,0.30000000,-0.02176511
Right Upper Leg In-Out,0.31666670,-0.01955729
Right Upper Leg In-Out,0.33333330,-0.01756407
Right Upper Leg In-Out,0.35000000,-0.01492479
Right Upper Leg In-Out,0.36666670,-0.01339394
Right Upper Leg In-Out,0.40000000,-0.01015597
Right Upper Leg In-Out,0.41666670,-0.00838563
Right Upper Leg In-Out,0.45000000,-0.00413027
Right Upper Leg In-Out,0.46666670,-0.00215316
Right Upper Leg In-Out,0.48333330,-0.00181517
Right Upper Leg In-Out,0.50000000,-0.00132560
Right Upper Leg In-Out,0.51666670,-0.00166483
Right Upper Leg In-Out,0.53333340,-0.00245566
Right Upper Leg Twist In-Out,0.00000000,0.02809074
Right Upper Leg Twist In-Out,0.01666667,0.02197541
Right Upper Leg Twist In-Out,0.03333334,0.01491476
Right Upper Leg Twist In-Out,0.05000000,0.00820418
Right Upper Leg Twist In-Out,0.06666667,0.00235108
Right Upper Leg Twist In-Out,0.08333334,-0.00691874
Right Upper Leg Twist In-Out,0.10000000,-0.01317835
Right Upper Leg Twist In-Out,0.11666670,-0.01170919
Right Upper Leg Twist In-Out,0.13333330,-0.00517862
Right Upper Leg Twist In-Out,0.15000000,0.00487764
Right Upper Leg Twist In-Out,0.16666670,0.01654091
Right Upper Leg Twist In-Out,0.18333330,0.02075025
Right Upper Leg Twist In-Out,0.21666670,0.04171912
Right Upper Leg Twist In-Out,0.23333330,0.05215131
Right Upper Leg Twist In-Out,0.26666670,0.06328955
Right Upper Leg Twist In-Out,0.28333340,0.05695715
Right Upper Leg Twist In-Out,0.31666670,0.03186988
Right Upper Leg Twist In-Out,0.33333330,0.01645328
Right Upper Leg Twist In-Out,0.35000000,0.00926276
Right Upper Leg Twist In-Out,0.36666670,-0.00205580
Right Upper Leg Twist In-Out,0.38333340,-0.00976886
Right Upper Leg Twist In-Out,0.40000000,-0.01373337
Right Upper Leg Twist In-Out,0.41666670,-0.01507621
Right Upper Leg Twist In-Out,0.43333340,-0.01105591
Right Upper Leg Twist In-Out,0.45000000,-0.00329304
Right Upper Leg Twist In-Out,0.46666670,0.00784088
Right Upper Leg Twist In-Out,0.48333330,0.01239705
Right Upper Leg Twist In-Out,0.50000000,0.02100932
Right Upper Leg Twist In-Out,0.53333340,0.02808736
Right Lower Leg Stretch,0.00000000,1.00006100
Right Lower Leg Stretch,0.15000000,1.00474000
Right Lower Leg Stretch,0.38333340,1.00591700
Right Lower Leg Stretch,0.50000000,1.01658200
Right Lower Leg Stretch,0.53333340,1.00004900
Right Lower Leg Twist In-Out,0.00000000,-0.01799933
Right Lower Leg Twist In-Out,0.01666667,-0.01374339
Right Lower Leg Twist In-Out,0.03333334,-0.00774519
Right Lower Leg Twist In-Out,0.05000000,0.00066783
Right Lower Leg Twist In-Out,0.06666667,0.01077412
Right Lower Leg Twist In-Out,0.08333334,0.02291562
Right Lower Leg Twist In-Out,0.10000000,0.03183251
Right Lower Leg Twist In-Out,0.11666670,0.03184952
Right Lower Leg Twist In-Out,0.13333330,0.02693100
Right Lower Leg Twist In-Out,0.15000000,0.01979107
Right Lower Leg Twist In-Out,0.16666670,0.01152994
Right Lower Leg Twist In-Out,0.18333330,0.00612056
Right Lower Leg Twist In-Out,0.20000000,-0.00310600
Right Lower Leg Twist In-Out,0.21666670,-0.01535972
Right Lower Leg Twist In-Out,0.23333330,-0.02686058
Right Lower Leg Twist In-Out,0.26666670,-0.04017616
Right Lower Leg Twist In-Out,0.28333340,-0.03544614
Right Lower Leg Twist In-Out,0.30000000,-0.02572265
Right Lower Leg Twist In-Out,0.31666670,-0.01205819
Right Lower Leg Twist In-Out,0.33333330,0.00329604
Right Lower Leg Twist In-Out,0.35000000,0.01293452
Right Lower Leg Twist In-Out,0.36666670,0.02491576
Right Lower Leg Twist In-Out,0.40000000,0.03733290
Right Lower Leg Twist In-Out,0.41666670,0.03790884
Right Lower Leg Twist In-Out,0.45000000,0.02423937
Right Lower Leg Twist In-Out,0.46666670,0.01197396
Right Lower Leg Twist In-Out,0.48333330,0.00326352
Right Lower Leg Twist In-Out,0.50000000,-0.00720848
Right Lower Leg Twist In-Out,0.51666670,-0.01359457
Right Lower Leg Twist In-Out,0.53333340,-0.01799753
Right Foot Up-Down,0.00000000,-0.00001237
Right Foot Up-Down,0.01666667,-0.00735254
Right Foot Up-Down,0.05000000,-0.01884313
Right Foot Up-Down,0.06666667,-0.02233933
Right Foot Up-Down,0.10000000,-0.02231555
Right Foot Up-Down,0.11666670,-0.01901762
Right Foot Up-Down,0.13333330,-0.01311403
Right Foot Up-Down,0.15000000,-0.00172576
Right Foot Up-Down,0.16666670,0.01086179
Right Foot Up-Down,0.18333330,0.01629344
Right Foot Up-Down,0.20000000,0.01833788
Right Foot Up-Down,0.21666670,0.02017848
Right Foot Up-Down,0.23333330,0.02112810
Right Foot Up-Down,0.26666670,0.02088059
Right Foot Up-Down,0.30000000,0.01406635
Right Foot Up-Down,0.33333330,0.00664503
Right Foot Up-Down,0.35000000,0.00409489
Right Foot Up-Down,0.36666670,0.00238533
Right Foot Up-Down,0.38333340,0.00175959
Right Foot Up-Down,0.40000000,0.00209772
Right Foot Up-Down,0.41666670,0.00355702
Right Foot Up-Down,0.43333340,0.00576793
Right Foot Up-Down,0.45000000,0.00903027
Right Foot Up-Down,0.46666670,0.01153057
Right Foot Up-Down,0.48333330,0.01107930
Right Foot Up-Down,0.50000000,0.00873293
Right Foot Up-Down,0.51666670,0.00453162
Right Foot Up-Down,0.53333340,-0.00002187
Right Foot Twist In-Out,0.00000000,-0.00073026
Right Foot Twist In-Out,0.01666667,-0.00020244
Right Foot Twist In-Out,0.03333334,-0.00048638
Right Foot Twist In-Out,0.05000000,-0.00110454
Right Foot Twist In-Out,0.06666667,-0.00322441
Right Foot Twist In-Out,0.08333334,-0.00875247
Right Foot Twist In-Out,0.10000000,-0.01308325
Right Foot Twist In-Out,0.11666670,-0.01215555
Right Foot Twist In-Out,0.13333330,-0.00863137
Right Foot Twist In-Out,0.15000000,-0.00389608
Right Foot Twist In-Out,0.16666670,0.00069058
Right Foot Twist In-Out,0.18333330,0.00308234
Right Foot Twist In-Out,0.20000000,0.00636436
Right Foot Twist In-Out,0.23333330,0.01437440
Right Foot Twist In-Out,0.26666670,0.01818227
Right Foot Twist In-Out,0.28333340,0.01558517
Right Foot Twist In-Out,0.30000000,0.01113088
Right Foot Twist In-Out,0.31666670,0.00473283
Right Foot Twist In-Out,0.33333330,-0.00280014
Right Foot Twist In-Out,0.35000000,-0.00817386
Right Foot Twist In-Out,0.36666670,-0.01446667
Right Foot Twist In-Out,0.41666670,-0.02269544
Right Foot Twist In-Out,0.43333340,-0.02157347
Right Foot Twist In-Out,0.45000000,-0.01926837
Right Foot Twist In-Out,0.46666670,-0.01570612
Right Foot Twist In-Out,0.48333330,-0.01273306
Right Foot Twist In-Out,0.50000000,-0.00831065
Right Foot Twist In-Out,0.53333340,-0.00072867
Right Toes Up-Down,0.00000000,-0.00000010
Right Toes Up-Down,0.33333330,-0.00000010
Right Toes Up-Down,0.35000000,-0.00000010
Right Toes Up-Down,0.36666670,0.00000031
Right Toes Up-Down,0.38333340,-0.00000010
Right Toes Up-Down,0.40000000,-0.00000010
Right Toes Up-Down,0.41666670,-0.00000010
Right Toes Up-Down,0.43333340,-0.00000010
Right Toes Up-Down,0.45000000,-0.00000048
Right Toes Up-Down,0.46666670,-0.00000010
Right Toes Up-Down,0.48333330,-0.00000010
Right Toes Up-Down,0.53333340,-0.00000010
Left Shoulder Down-Up,0.00000000,-0.02274235
Left Shoulder Down-Up,0.03333334,-0.03835285
Left Shoulder Down-Up,0.13333330,-0.09250499
Left Shoulder Down-Up,0.16666670,-0.10081110
Left Shoulder Down-Up,0.20000000,-0.09817015
Left Shoulder Down-Up,0.23333330,-0.06694654
Left Shoulder Down-Up,0.26666670,-0.03177401
Left Shoulder Down-Up,0.28333340,-0.01559797
Left Shoulder Down-Up,0.30000000,-0.00034318
Left Shoulder Down-Up,0.31666670,0.00830930
Left Shoulder Down-Up,0.33333330,0.01374330
Left Shoulder Down-Up,0.35000000,0.01257423
Left Shoulder Down-Up,0.36666670,0.00505913
Left Shoulder Down-Up,0.38333340,-0.02340625
Left Shoulder Down-Up,0.40000000,-0.06346039
Left Shoulder Down-Up,0.43333340,-0.13321220
Left Shoulder Down-Up,0.45000000,-0.14398210
Left Shoulder Down-Up,0.46666670,-0.13951460
Left Shoulder Down-Up,0.50000000,-0.08721168
Left Shoulder Down-Up,0.53333340,-0.02272331
Left Shoulder Front-Back,0.00000000,0.07140263
Left Shoulder Front-Back,0.08333334,0.08753940
Left Shoulder Front-Back,0.18333330,0.10048560
Left Shoulder Front-Back,0.21666670,0.09518134
Left Shoulder Front-Back,0.30000000,0.05849323
Left Shoulder Front-Back,0.33333330,0.04533074
Left Shoulder Front-Back,0.35000000,0.04726809
Left Shoulder Front-Back,0.36666670,0.05490031
Left Shoulder Front-Back,0.40000000,0.08741896
Left Shoulder Front-Back,0.43333340,0.11569720
Left Shoulder Front-Back,0.48333330,0.10604100
Left Shoulder Front-Back,0.50000000,0.09356142
Left Shoulder Front-Back,0.53333340,0.07139482
Left Arm Down-Up,0.00000000,-0.36544330
Left Arm Down-Up,0.08333334,-0.35560130
Left Arm Down-Up,0.15000000,-0.35601640
Left Arm Down-Up,0.20000000,-0.34505800
Left Arm Down-Up,0.25000000,-0.37432120
Left Arm Down-Up,0.36666670,-0.36143850
Left Arm Down-Up,0.43333340,-0.31201050
Left Arm Down-Up,0.51666670,-0.35521060
Left Arm Down-Up,0.53333340,-0.36548940
Left Arm Front-Back,0.00000000,0.02647486
Left Arm Front-Back,0.03333334,0.04724918
Left Arm Front-Back,0.06666667,0.05857886
Left Arm Front-Back,0.10000000,0.06568990
Left Arm Front-Back,0.13333330,0.06792597
Left Arm Front-Back,0.16666670,0.07745992
Left Arm Front-Back,0.20000000,0.08778109
Left Arm Front-Back,0.23333330,0.08125833
Left Arm Front-Back,0.30000000,0.06825149
Left Arm Front-Back,0.33333330,0.05411968
Left Arm Front-Back,0.36666670,0.04455153
Left Arm Front-Back,0.40000000,0.04015602
Left Arm Front-Back,0.43333340,0.03279733
Left Arm Front-Back,0.46666670,0.02105923
Left Arm Front-Back,0.48333330,0.01845373
Left Arm Front-Back,0.50000000,0.01839992
Left Arm Front-Back,0.51666670,0.02184402
Left Arm Front-Back,0.53333340,0.02649971
Left Arm Twist In-Out,0.00000000,-0.32238220
Left Arm Twist In-Out,0.13333330,-0.32629700
Left Arm Twist In-Out,0.20000000,-0.31844750
Left Arm Twist In-Out,0.25000000,-0.29378270
Left Arm Twist In-Out,0.33333330,-0.31717710
Left Arm Twist In-Out,0.41666670,-0.36337810
Left Arm Twist In-Out,0.48333330,-0.33760110
Left Arm Twist In-Out,0.51666670,-0.32366910
Left Arm Twist In-Out,0.53333340,-0.32240280
Left Forearm Stretch,0.00000000,0.70560200
Left Forearm Stretch,0.05000000,0.66564330
Left Forearm Stretch,0.11666670,0.64258460
Left Forearm Stretch,0.18333330,0.61860870
Left Forearm Stretch,0.21666670,0.61783190
Left Forearm Stretch,0.33333330,0.66342290
Left Forearm Stretch,0.45000000,0.69890270
Left Forearm Stretch,0.53333340,0.70560070
Left Forearm Twist In-Out,0.00000000,0.42308830
Left Forearm Twist In-Out,0.06666667,0.43245970
Left Forearm Twist In-Out,0.16666670,0.38863330
Left Forearm Twist In-Out,0.28333340,0.41683510
Left Forearm Twist In-Out,0.41666670,0.39508060
Left Forearm Twist In-Out,0.51666670,0.41246290
Left Forearm Twist In-Out,0.53333340,0.42308880
Left Hand Down-Up,0.00000000,-0.00065664
Left Hand Down-Up,0.01666667,0.01772431
Left Hand Down-Up,0.03333334,0.03506902
Left Hand Down-Up,0.08333334,0.07159465
Left Hand Down-Up,0.15000000,0.10214170
Left Hand Down-Up,0.23333330,0.12347660
Left Hand Down-Up,0.30000000,0.07067218
Left Hand Down-Up,0.33333330,0.03524483
Left Hand Down-Up,0.35000000,0.02145828
Left Hand Down-Up,0.36666670,0.01122263
Left Hand Down-Up,0.38333340,0.00585730
Left Hand Down-Up,0.40000000,0.00394774
Left Hand Down-Up,0.41666670,0.00509585
Left Hand Down-Up,0.43333340,0.00764944
Left Hand Down-Up,0.45000000,0.01004325
Left Hand Down-Up,0.46666670,0.01166020
Left Hand Down-Up,0.48333330,0.01124187
Left Hand Down-Up,0.50000000,0.00911195
Left Hand Down-Up,0.51666670,0.00471973
Left Hand Down-Up,0.53333340,-0.00065634
Left Hand In-Out,0.00000000,0.00103687
Left Hand In-Out,0.01666667,0.01505124
Left Hand In-Out,0.06666667,0.04993406
Left Hand In-Out,0.13333330,0.08614627
Left Hand In-Out,0.21666670,0.11713970
Left Hand In-Out,0.31666670,0.06003619
Left Hand In-Out,0.35000000,0.03626138
Left Hand In-Out,0.36666670,0.02738771
Left Hand In-Out,0.38333340,0.02249915
Left Hand In-Out,0.40000000,0.02036557
Left Hand In-Out,0.43333340,0.02215609
Left Hand In-Out,0.46666670,0.02186514
Left Hand In-Out,0.50000000,0.01414955
Left Hand In-Out,0.51666670,0.00781374
Left Hand In-Out,0.53333340,0.00103751
Right Shoulder Down-Up,0.00000000,0.00000001
Right Shoulder Down-Up,0.01666667,0.01955133
Right Shoulder Down-Up,0.03333334,0.03662273
Right Shoulder Down-Up,0.05000000,0.04821795
Right Shoulder Down-Up,0.06666667,0.05338242
Right Shoulder Down-Up,0.10000000,0.03857836
Right Shoulder Down-Up,0.11666670,0.02399865
Right Shoulder Down-Up,0.13333330,0.00715979
Right Shoulder Down-Up,0.15000000,-0.02046175
Right Shoulder Down-Up,0.16666670,-0.05144688
Right Shoulder Down-Up,0.18333330,-0.07442912
Right Shoulder Down-Up,0.20000000,-0.08387533
Right Shoulder Down-Up,0.21666670,-0.06885749
Right Shoulder Down-Up,0.23333330,-0.04129298
Right Shoulder Down-Up,0.25000000,-0.00704762
Right Shoulder Down-Up,0.26666670,0.01336345
Right Shoulder Down-Up,0.28333340,0.02519388
Right Shoulder Down-Up,0.30000000,0.03278807
Right Shoulder Down-Up,0.35000000,0.02675523
Right Shoulder Down-Up,0.36666670,0.01684111
Right Shoulder Down-Up,0.38333340,0.00278637
Right Shoulder Down-Up,0.40000000,-0.02587221
Right Shoulder Down-Up,0.41666670,-0.05771159
Right Shoulder Down-Up,0.43333340,-0.08477783
Right Shoulder Down-Up,0.46666670,-0.10612550
Right Shoulder Down-Up,0.50000000,-0.07167495
Right Shoulder Down-Up,0.53333340,0.00000240
Right Shoulder Front-Back,0.00000000,-0.00000023
Right Shoulder Front-Back,0.01666667,-0.00408268
Right Shoulder Front-Back,0.03333334,-0.00932017
Right Shoulder Front-Back,0.05000000,-0.01901962
Right Shoulder Front-Back,0.06666667,-0.02785817
Right Shoulder Front-Back,0.08333334,-0.03130434
Right Shoulder Front-Back,0.10000000,-0.03027836
Right Shoulder Front-Back,0.11666670,-0.02284815
Right Shoulder Front-Back,0.13333330,-0.01304478
Right Shoulder Front-Back,0.15000000,-0.00391155
Right Shoulder Front-Back,0.16666670,0.00353203
Right Shoulder Front-Back,0.18333330,0.00627752
Right Shoulder Front-Back,0.20000000,0.00722331
Right Shoulder Front-Back,0.21666670,0.00861180
Right Shoulder Front-Back,0.23333330,0.00940583
Right Shoulder Front-Back,0.25000000,0.00983474
Right Shoulder Front-Back,0.26666670,0.00837176
Right Shoulder Front-Back,0.28333340,0.00279520
Right Shoulder Front-Back,0.30000000,-0.00459336
Right Shoulder Front-Back,0.31666670,-0.01333031
Right Shoulder Front-Back,0.33333330,-0.02010321
Right Shoulder Front-Back,0.35000000,-0.02041243
Right Shoulder Front-Back,0.36666670,-0.01734898
Right Shoulder Front-Back,0.38333340,-0.01154269
Right Shoulder Front-Back,0.40000000,-0.00585197
Right Shoulder Front-Back,0.41666670,-0.00415697
Right Shoulder Front-Back,0.43333340,-0.00402551
Right Shoulder Front-Back,0.45000000,-0.00464368
Right Shoulder Front-Back,0.46666670,-0.00505260
Right Shoulder Front-Back,0.48333330,-0.00347102
Right Shoulder Front-Back,0.50000000,-0.00156509
Right Shoulder Front-Back,0.51666670,-0.00066077
Right Shoulder Front-Back,0.53333340,-0.00000017
Right Arm Down-Up,0.00000000,0.24513330
Right Arm Down-Up,0.08333334,0.30738630
Right Arm Down-Up,0.11666670,0.27951060
Right Arm Down-Up,0.13333330,0.25767070
Right Arm Down-Up,0.18333330,0.21589180
Right Arm Down-Up,0.23333330,0.21657760
Right Arm Down-Up,0.28333340,0.27471310
Right Arm Down-Up,0.33333330,0.29707940
Right Arm Down-Up,0.40000000,0.20946290
Right Arm Down-Up,0.45000000,0.17898360
Right Arm Down-Up,0.51666670,0.22350090
Right Arm Down-Up,0.53333340,0.24513320
Right Arm Front-Back,0.00000000,-0.11944850
Right Arm Front-Back,0.06666667,-0.11577950
Right Arm Front-Back,0.10000000,-0.10104090
Right Arm Front-Back,0.13333330,-0.11468060
Right Arm Front-Back,0.18333330,-0.12236720
Right Arm Front-Back,0.26666670,-0.10055870
Right Arm Front-Back,0.30000000,-0.09487260
Right Arm Front-Back,0.33333330,-0.08186395
Right Arm Front-Back,0.36666670,-0.07928345
Right Arm Front-Back,0.38333340,-0.09088404
Right Arm Front-Back,0.43333340,-0.13564320
Right Arm Front-Back,0.46666670,-0.14113670
Right Arm Front-Back,0.50000000,-0.12736970
Right Arm Front-Back,0.53333340,-0.11944850
Right Arm Twist In-Out,0.00000000,0.34571790
Right Arm Twist In-Out,0.05000000,0.15941440
Right Arm Twist In-Out,0.06666667,0.13615670
Right Arm Twist In-Out,0.08333334,0.14808940
Right Arm Twist In-Out,0.10000000,0.18611680
Right Arm Twist In-Out,0.16666670,0.46796970
Right Arm Twist In-Out,0.20000000,0.52827750
Right Arm Twist In-Out,0.28333340,0.25175480
Right Arm Twist In-Out,0.30000000,0.19978220
Right Arm Twist In-Out,0.31666670,0.17687290
Right Arm Twist In-Out,0.33333330,0.18102310
Right Arm Twist In-Out,0.38333340,0.35422510
Right Arm Twist In-Out,0.45000000,0.59791320
Right Arm Twist In-Out,0.48333330,0.56083420
Right Arm Twist In-Out,0.53333340,0.34571840
Right Forearm Stretch,0.00000000,-0.16652710
Right Forearm Stretch,0.03333334,-0.20232350
Right Forearm Stretch,0.06666667,-0.22262740
Right Forearm Stretch,0.10000000,-0.18292580
Right Forearm Stretch,0.13333330,-0.10079300
Right Forearm Stretch,0.15000000,-0.06361589
Right Forearm Stretch,0.16666670,-0.03863282
Right Forearm Stretch,0.18333330,-0.03851142
Right Forearm Stretch,0.20000000,-0.05334480
Right Forearm Stretch,0.23333330,-0.11136610
Right Forearm Stretch,0.31666670,-0.22330600
Right Forearm Stretch,0.33333330,-0.22558920
Right Forearm Stretch,0.36666670,-0.19150680
Right Forearm Stretch,0.40000000,-0.12851400
Right Forearm Stretch,0.43333340,-0.08658090
Right Forearm Stretch,0.46666670,-0.09007786
Right Forearm Stretch,0.50000000,-0.12499550
Right Forearm Stretch,0.53333340,-0.16652840
Right Forearm Twist In-Out,0.00000000,-0.44889320
Right Forearm Twist In-Out,0.03333334,-0.50466930
Right Forearm Twist In-Out,0.06666667,-0.58629070
Right Forearm Twist In-Out,0.10000000,-0.58870190
Right Forearm Twist In-Out,0.15000000,-0.44390790
Right Forearm Twist In-Out,0.16666670,-0.40245690
Right Forearm Twist In-Out,0.20000000,-0.37978280
Right Forearm Twist In-Out,0.25000000,-0.40242060
Right Forearm Twist In-Out,0.26666670,-0.43060560
Right Forearm Twist In-Out,0.30000000,-0.52874110
Right Forearm Twist In-Out,0.33333330,-0.57970910
Right Forearm Twist In-Out,0.40000000,-0.41120510
Right Forearm Twist In-Out,0.45000000,-0.35633630
Right Forearm Twist In-Out,0.51666670,-0.42700400
Right Forearm Twist In-Out,0.53333340,-0.44889330
Right Hand Down-Up,0.00000000,0.20817730
Right Hand Down-Up,0.03333334,0.13971650
Right Hand Down-Up,0.05000000,0.12818930
Right Hand Down-Up,0.06666667,0.13025490
Right Hand Down-Up,0.10000000,0.18202790
Right Hand Down-Up,0.15000000,0.34589040
Right Hand Down-Up,0.16666670,0.38712070
Right Hand Down-Up,0.20000000,0.38322200
Right Hand Down-Up,0.25000000,0.18268870
Right Hand Down-Up,0.26666670,0.10868900
Right Hand Down-Up,0.28333340,0.05899270
Right Hand Down-Up,0.30000000,0.03271260
Right Hand Down-Up,0.31666670,0.03294462
Right Hand Down-Up,0.35000000,0.08067197
Right Hand Down-Up,0.36666670,0.12115510
Right Hand Down-Up,0.40000000,0.20914000
Right Hand Down-Up,0.45000000,0.34312030
Right Hand Down-Up,0.46666670,0.36347110
Right Hand Down-Up,0.50000000,0.32050790
Right Hand Down-Up,0.53333340,0.20817700
Right Hand In-Out,0.00000000,0.06111415
Right Hand In-Out,0.01666667,0.01480525
Right Hand In-Out,0.03333334,-0.02021969
Right Hand In-Out,0.05000000,-0.00917023
Right Hand In-Out,0.06666667,0.02268496
Right Hand In-Out,0.08333334,0.05800188
Right Hand In-Out,0.10000000,0.09051796
Right Hand In-Out,0.11666670,0.09779445
Right Hand In-Out,0.13333330,0.08445522
Right Hand In-Out,0.15000000,0.06064107
Right Hand In-Out,0.16666670,0.03215901
Right Hand In-Out,0.18333330,0.02918682
Right Hand In-Out,0.20000000,0.03430803
Right Hand In-Out,0.21666670,0.02742232
Right Hand In-Out,0.23333330,0.01263676
Right Hand In-Out,0.25000000,-0.02002410
Right Hand In-Out,0.26666670,-0.06210769
Right Hand In-Out,0.28333340,-0.10225430
Right Hand In-Out,0.30000000,-0.13558500
Right Hand In-Out,0.33333330,-0.12861300
Right Hand In-Out,0.35000000,-0.09111313
Right Hand In-Out,0.36666670,-0.04966053
Right Hand In-Out,0.38333340,-0.01731667
Right Hand In-Out,0.40000000,0.00527134
Right Hand In-Out,0.41666670,0.01881493
Right Hand In-Out,0.43333340,0.02947544
Right Hand In-Out,0.46666670,0.07271151
Right Hand In-Out,0.48333330,0.10311770
Right Hand In-Out,0.50000000,0.12069700
Right Hand In-Out,0.51666670,0.10010100
Right Hand In-Out,0.53333340,0.06111511
LeftHand.Thumb.1 Stretched,0.00000000,-1.59799600
LeftHand.Thumb.1 Stretched,0.53333340,-1.59799600
LeftHand.Thumb.Spread,0.00000000,-0.47605050
LeftHand.Thumb.Spread,0.53333340,-0.47605050
LeftHand.Thumb.2 Stretched,0.00000000,0.15739410
LeftHand.Thumb.2 Stretched,0.53333340,0.15739410
LeftHand.Thumb.3 Stretched,0.00000000,0.65271300
LeftHand.Thumb.3 Stretched,0.53333340,0.65271300
LeftHand.Index.1 Stretched,0.00000000,0.41464630
LeftHand.Index.1 Stretched,0.53333340,0.41464630
LeftHand.Index.Spread,0.00000000,-0.45843490
LeftHand.Index.Spread,0.53333340,-0.45843490
LeftHand.Index.2 Stretched,0.00000000,0.64232870
LeftHand.Index.2 Stretched,0.53333340,0.64232870
LeftHand.Index.3 Stretched,0.00000000,0.76505730
LeftHand.Index.3 Stretched,0.53333340,0.76505730
LeftHand.Middle.1 Stretched,0.00000000,0.46007240
LeftHand.Middle.1 Stretched,0.53333340,0.46007240
LeftHand.Middle.Spread,0.00000000,-0.53055960
LeftHand.Middle.Spread,0.53333340,-0.53055960
LeftHand.Middle.2 Stretched,0.00000000,0.62254970
LeftHand.Middle.2 Stretched,0.53333340,0.62254970
LeftHand.Middle.3 Stretched,0.00000000,0.71384100
LeftHand.Middle.3 Stretched,0.53333340,0.71384100
LeftHand.Ring.1 Stretched,0.00000000,0.44169010
LeftHand.Ring.1 Stretched,0.53333340,0.44169010
LeftHand.Ring.Spread,0.00000000,-0.90857490
LeftHand.Ring.Spread,0.53333340,-0.90857490
LeftHand.Ring.2 Stretched,0.00000000,0.62409030
LeftHand.Ring.2 Stretched,0.53333340,0.62409030
LeftHand.Ring.3 Stretched,0.00000000,0.71516780
LeftHand.Ring.3 Stretched,0.53333340,0.71516780
LeftHand.Little.1 Stretched,0.00000000,0.43843350
LeftHand.Little.1 Stretched,0.53333340,0.43843350
LeftHand.Little.Spread,0.00000000,-0.56558530
LeftHand.Little.Spread,0.53333340,-0.56558530
LeftHand.Little.2 Stretched,0.00000000,0.62408960
LeftHand.Little.2 Stretched,0.53333340,0.62408960
LeftHand.Little.3 Stretched,0.00000000,0.71516280
LeftHand.Little.3 Stretched,0.53333340,0.71516280
RightHand.Thumb.1 Stretched,0.00000000,-1.35596300
RightHand.Thumb.1 Stretched,0.53333340,-1.35596300
RightHand.Thumb.Spread,0.00000000,-0.04098244
RightHand.Thumb.Spread,0.53333340,-0.04098244
RightHand.Thumb.2 Stretched,0.00000000,0.31058100
RightHand.Thumb.2 Stretched,0.53333340,0.31058100
RightHand.Thumb.3 Stretched,0.00000000,0.47085750
RightHand.Thumb.3 Stretched,0.53333340,0.47085750
RightHand.Index.1 Stretched,0.00000000,0.60237580
RightHand.Index.1 Stretched,0.53333340,0.60237580
RightHand.Index.Spread,0.00000000,-0.58336030
RightHand.Index.Spread,0.53333340,-0.58336030
RightHand.Index.2 Stretched,0.00000000,0.71559080
RightHand.Index.2 Stretched,0.53333340,0.71559080
RightHand.Index.3 Stretched,0.00000000,0.71558530
RightHand.Index.3 Stretched,0.53333340,0.71558530
RightHand.Middle.1 Stretched,0.00000000,0.62674810
RightHand.Middle.1 Stretched,0.53333340,0.62674810
RightHand.Middle.Spread,0.00000000,-0.84983490
RightHand.Middle.Spread,0.53333340,-0.84983490
RightHand.Middle.2 Stretched,0.00000000,0.72364890
RightHand.Middle.2 Stretched,0.53333340,0.72364890
RightHand.Middle.3 Stretched,0.00000000,0.72365130
RightHand.Middle.3 Stretched,0.53333340,0.72365130
RightHand.Ring.1 Stretched,0.00000000,0.63950270
RightHand.Ring.1 Stretched,0.53333340,0.63950270
RightHand.Ring.Spread,0.00000000,-0.36633670
RightHand.Ring.Spread,0.53333340,-0.36633670
RightHand.Ring.2 Stretched,0.00000000,0.53893980
RightHand.Ring.2 Stretched,0.53333340,0.53893980
RightHand.Ring.3 Stretched,0.00000000,0.72089430
RightHand.Ring.3 Stretched,0.53333340,0.72089430
RightHand.Little.1 Stretched,0.00000000,0.66115340
RightHand.Little.1 Stretched,0.53333340,0.66115340
RightHand.Little.Spread,0.00000000,-0.34519940
RightHand.Little.Spread,0.53333340,-0.34519940
RightHand.Little.2 Stretched,0.00000000,0.53268130
RightHand.Little.2 Stretched,0.53333340,0.53268130
RightHand.Little.3 Stretched,0.00000000,0.24714980
RightHand.Little.3 Stretched,0.53333340,0.24714980
